Date/Time,Actual Panel Power (watts),Predicted Panel Power (watts)
2023-05-29 04:00:00,0.0,0.59319776
2023-03-02 18:00:00,0.0,13.916742
2023-06-18 23:00:00,0.0,0.59319776
2023-12-24 11:00:00,34.20438472,20.88892
2023-03-29 06:00:00,0.0,0.59319776
2023-09-22 12:00:00,223.5466761,165.51953
2023-09-20 06:00:00,0.0,0.59319776
2023-02-18 22:00:00,0.0,0.59319776
2023-07-20 15:00:00,123.2100424,154.99797
2023-06-24 12:00:00,203.9250354,184.08916
2023-09-15 18:00:00,21.90735502,78.39617
2023-12-14 11:00:00,19.30480905,19.881338
2023-11-12 21:00:00,0.0,0.59319776
2023-10-31 11:00:00,103.0339463,120.02349
2023-03-30 09:00:00,75.01768034,27.599503
2023-02-10 00:00:00,0.0,0.59319776
2023-08-30 11:00:00,187.4207921,142.43866
2023-05-11 03:00:00,0.0,0.59319776
2023-06-08 00:00:00,0.0,0.59319776
2023-06-10 09:00:00,178.7178218,120.365074
2023-09-09 09:00:00,116.5615276,64.090675
2023-04-25 21:00:00,0.0,0.59319776
2023-05-19 14:00:00,131.5035361,106.93178
2023-06-08 05:00:00,2.490806223,0.59319776
2023-12-09 19:00:00,0.0,0.59319776
2023-04-22 23:00:00,0.0,0.59319776
2023-11-21 14:00:00,26.10820368,30.02324
2023-02-23 03:00:00,0.0,0.59319776
2023-03-30 21:00:00,0.0,0.59319776
2023-09-16 14:00:00,48.707920789999996,43.44833
2023-11-06 21:00:00,0.0,0.59319776
2023-08-23 23:00:00,0.0,0.59319776
2023-05-20 14:00:00,257.7765205,231.60765
2023-11-22 05:00:00,0.0,0.59319776
2023-04-29 01:00:00,0.0,0.59319776
2023-06-19 12:00:00,205.5226308,223.73186
2023-12-18 06:00:00,0.0,0.59319776
2023-10-30 06:00:00,0.0,0.59319776
2023-07-18 16:00:00,168.0586987,204.56544
2023-07-15 20:00:00,5.890381895,51.717575
2023-07-11 06:00:00,13.73762376,0.59319776
2023-03-16 19:00:00,0.0,0.59319776
2023-08-22 06:00:00,1.387553041,0.59319776
2023-10-31 22:00:00,0.0,0.59319776
2023-06-20 01:00:00,0.0,0.59319776
2023-03-13 13:00:00,111.72418670000002,112.19962
2023-11-06 19:00:00,0.0,0.59319776
2023-07-31 19:00:00,27.54314003,34.050316
2023-03-01 15:00:00,42.716407360000005,64.87909
2023-10-27 07:00:00,0.0,0.59319776
2023-08-18 16:00:00,35.20367751,57.885437
2023-11-12 01:00:00,0.0,0.59319776
2023-10-01 10:00:00,41.55021216,37.251045
2023-04-16 12:00:00,0.0,0.59319776
2023-08-29 21:00:00,0.0,0.59319776
2023-07-08 10:00:00,42.23833098,25.767538
2023-10-21 06:00:00,0.0,0.59319776
2023-02-13 08:00:00,9.827439887,0.59319776
2023-05-07 14:00:00,223.9229137,205.08377
2023-06-02 02:00:00,0.0,0.59319776
2023-06-01 23:00:00,0.0,0.59319776
2023-11-27 03:00:00,0.0,0.59319776
2023-08-08 04:00:00,0.0,0.59319776
2023-12-17 11:00:00,17.76379066,21.97469
2023-03-13 14:00:00,154.2743989,101.27547
2023-05-18 12:00:00,270.2149929,205.74208
2023-11-03 10:00:00,122.15346530000001,60.447853
2023-10-18 21:00:00,0.0,0.59319776
2023-08-05 20:00:00,2.40523338,47.0583
2023-03-02 11:00:00,103.427157,97.58233
2023-07-30 23:00:00,0.0,0.59319776
2023-10-19 14:00:00,107.37623760000001,83.77242
2023-04-07 12:00:00,208.4130127,173.75104
2023-10-01 15:00:00,67.04314003,74.56526
2023-05-21 12:00:00,272.3493635,212.99289
2023-08-08 22:00:00,0.0,0.59319776
2023-02-04 06:00:00,0.0,0.59319776
2023-10-19 11:00:00,83.95261669,81.280785
2023-11-02 13:00:00,14.652758130000002,25.272621
2023-05-02 06:00:00,3.443422914,0.59319776
2023-03-19 15:00:00,111.9589816,96.88841
2023-03-25 16:00:00,22.92432815,70.21459
2023-09-18 19:00:00,0.0,18.752054
2023-09-29 21:00:00,0.0,0.59319776
2023-04-22 02:00:00,0.0,0.59319776
2023-12-22 22:00:00,0.0,0.59319776
2023-09-21 15:00:00,59.79349364,142.14507
2023-06-13 22:00:00,0.0,0.59319776
2023-12-15 01:00:00,0.0,0.59319776
2023-10-20 15:00:00,84.24893918,75.925415
2023-12-23 21:00:00,0.0,0.59319776
2023-10-03 09:00:00,81.39745403,41.481277
2023-05-25 20:00:00,7.279349364000001,46.140026
2023-10-11 01:00:00,0.0,0.59319776
2023-06-27 08:00:00,50.87411598,43.42666
2023-04-18 23:00:00,0.0,0.59319776
2023-08-14 13:00:00,98.72842998999998,48.486195
2023-08-23 12:00:00,245.9908062,153.0726
2023-08-17 12:00:00,108.6407355,140.99777
2023-08-01 14:00:00,122.9512023,154.35204
2023-04-13 17:00:00,0.0,0.59319776
2023-09-08 07:00:00,20.696605369999997,0.59319776
2023-09-27 11:00:00,51.50565771,58.47222
2023-04-06 02:00:00,0.0,0.59319776
2023-12-29 13:00:00,37.51626591,35.71193
2023-08-14 11:00:00,54.72135785,62.081013
2023-07-25 23:00:00,0.0,0.59319776
2023-02-19 02:00:00,0.0,0.59319776
2023-05-13 18:00:00,93.28642150000002,137.6592
2023-12-14 18:00:00,0.0,0.59319776
2023-12-24 16:00:00,0.0,2.6016319
2023-05-06 09:00:00,38.13295615,22.916325
2023-12-14 10:00:00,15.34653465,10.026625
2023-08-25 09:00:00,128.9427157,48.49524
2023-08-09 15:00:00,233.4978784,185.853
2023-05-21 11:00:00,251.65700139999998,214.95944
2023-04-21 09:00:00,14.08132956,19.725643
2023-02-17 22:00:00,0.0,0.59319776
2023-02-19 17:00:00,2.147100424,40.656292
2023-08-08 15:00:00,27.47029703,100.14511
2023-09-18 18:00:00,14.1718529,74.82386
2023-10-25 16:00:00,25.22489392,70.68073
2023-08-16 14:00:00,225.4123055,182.95879
2023-04-28 11:00:00,83.61315417,65.18442
2023-03-11 05:00:00,0.0,0.59319776
2023-06-20 23:00:00,0.0,0.59319776
2023-04-06 03:00:00,0.0,0.59319776
2023-03-16 01:00:00,0.0,0.59319776
2023-12-25 17:00:00,0.0,0.59319776
2023-06-17 18:00:00,60.20509194,78.66775
2023-08-14 14:00:00,123.8712871,90.90012
2023-11-06 16:00:00,2.513437058,44.209248
2023-04-19 00:00:00,0.0,0.59319776
2023-05-29 05:00:00,4.97029703,0.59319776
2023-04-13 20:00:00,0.0,0.59319776
2023-10-15 22:00:00,0.0,0.59319776
2023-02-09 18:00:00,0.0,0.59319776
2023-03-01 11:00:00,81.31400283,97.58572
2023-10-31 18:00:00,0.0,0.59319776
2023-03-15 03:00:00,0.0,0.59319776
2023-10-20 20:00:00,0.0,0.59319776
2023-05-20 08:00:00,154.9618105,71.26157
2023-07-18 23:00:00,0.0,0.59319776
2023-02-11 00:00:00,0.0,0.59319776
2023-11-13 14:00:00,24.48868458,49.594685
2023-12-31 22:00:00,0.0,0.59319776
2023-08-05 23:00:00,0.0,0.59319776
2023-04-14 07:00:00,0.0,0.59319776
2023-04-13 05:00:00,0.0,0.59319776
2023-04-08 01:00:00,0.0,0.59319776
2023-05-14 07:00:00,23.6824611,10.33681
2023-06-01 15:00:00,263.9646393,244.2279
2023-03-26 02:00:00,0.0,0.59319776
2023-08-28 02:00:00,0.0,0.59319776
2023-12-29 01:00:00,0.0,0.59319776
2023-05-11 00:00:00,0.0,0.59319776
2023-10-31 04:00:00,0.0,0.59319776
2023-09-23 15:00:00,106.7326733,102.762665
2023-12-23 06:00:00,0.0,0.59319776
2023-05-13 11:00:00,99.89957567,66.684586
2023-10-23 11:00:00,84.3125884,68.697
2023-05-10 00:00:00,0.0,0.59319776
2023-04-29 20:00:00,1.2114568599999997,17.388212
2023-10-01 08:00:00,23.4688826,0.9800013
2023-04-09 19:00:00,0.0,0.59319776
2023-07-29 00:00:00,0.0,0.59319776
2023-06-01 07:00:00,30.09830269,14.340987
2023-08-04 14:00:00,136.2121641,128.74168
2023-11-11 05:00:00,0.0,0.59319776
2023-08-07 01:00:00,0.0,0.59319776
2023-11-13 11:00:00,95.91230552,61.319664
2023-05-08 11:00:00,73.36280057,71.98298
2023-04-10 10:00:00,0.0,0.59319776
2023-04-13 04:00:00,0.0,0.59319776
2023-10-05 15:00:00,100.4094767,79.83424
2023-12-25 06:00:00,0.0,0.59319776
2023-08-11 18:00:00,52.96251768,109.1558
2023-11-29 07:00:00,0.0,0.59319776
2023-06-05 18:00:00,108.6817539,147.83582
2023-07-10 03:00:00,0.0,0.59319776
2023-09-09 00:00:00,0.0,0.59319776
2023-02-13 07:00:00,0.257425743,0.59319776
2023-07-28 08:00:00,61.50070721,36.9253
2023-03-02 23:00:00,0.0,0.59319776
2023-09-15 14:00:00,205.8981612,150.47256
2023-03-05 20:00:00,0.0,0.59319776
2023-06-05 15:00:00,259.9992928,237.96973
2023-05-08 10:00:00,75.0311174,56.509975
2023-12-12 23:00:00,0.0,0.59319776
2023-12-09 21:00:00,0.0,0.59319776
2023-10-29 07:00:00,4.142857143,0.59319776
2023-02-14 14:00:00,122.0360679,138.0042
2023-10-04 18:00:00,0.082743989,23.223629
2023-03-29 16:00:00,25.5523338,55.77929
2023-06-05 04:00:00,0.0,0.59319776
2023-12-19 10:00:00,7.217114569,0.59319776
2023-05-09 03:00:00,0.0,0.59319776
2023-04-03 22:00:00,0.0,0.59319776
2023-03-27 04:00:00,0.0,0.59319776
2023-02-28 05:00:00,0.0,0.59319776
2023-03-30 16:00:00,50.6039604,54.017838
2023-05-11 19:00:00,34.13719943,42.78307
2023-04-23 11:00:00,101.0091938,76.70459
2023-02-01 00:00:00,0.0,0.59319776
2023-09-07 17:00:00,42.47524752,66.005905
2023-12-09 15:00:00,3.53748232,25.057344
2023-11-21 19:00:00,0.0,0.59319776
2023-11-14 00:00:00,0.0,0.59319776
2023-12-07 06:00:00,0.0,0.59319776
2023-03-09 21:00:00,0.0,0.59319776
2023-12-23 02:00:00,0.0,0.59319776
2023-02-24 11:00:00,66.55304102,58.079548
2023-05-05 11:00:00,107.533239,91.8594
2023-08-30 01:00:00,0.0,0.59319776
2023-04-28 23:00:00,0.0,0.59319776
2023-02-02 18:00:00,0.0,0.59319776
2023-11-19 23:00:00,0.0,0.59319776
2023-05-15 03:00:00,0.0,0.59319776
2023-10-08 15:00:00,125.096181,145.16574
2023-03-07 17:00:00,12.30975955,41.41814
2023-03-14 10:00:00,125.5452617,100.52171
2023-12-23 23:00:00,0.0,0.59319776
2023-03-27 03:00:00,0.0,0.59319776
2023-03-30 15:00:00,52.32673267,142.66791
2023-08-04 17:00:00,124.5176803,86.102585
2023-06-22 04:00:00,0.0,0.59319776
2023-11-20 20:00:00,0.0,0.59319776
2023-06-18 01:00:00,0.0,0.59319776
2023-05-23 19:00:00,33.80056577,76.68539
2023-03-23 21:00:00,0.0,0.59319776
2023-08-27 06:00:00,2.491513437,0.59319776
2023-09-07 05:00:00,0.0,0.59319776
2023-11-09 08:00:00,31.16902405,1.8103387
2023-08-30 14:00:00,160.8069307,89.84429
2023-03-26 07:00:00,1.647807638,0.59319776
2023-06-20 11:00:00,131.9476662,59.277645
2023-02-20 08:00:00,19.26732673,0.59319776
2023-06-01 18:00:00,106.6570014,146.29272
2023-10-08 14:00:00,166.6994342,169.67848
2023-08-02 10:00:00,100.2807638,129.38704
2023-08-27 03:00:00,0.0,0.59319776
2023-06-13 03:00:00,0.0,0.59319776
2023-06-05 17:00:00,170.0438472,188.59872
2023-02-20 17:00:00,0.050212164,15.69327
2023-05-20 04:00:00,0.0,0.59319776
2023-09-22 20:00:00,0.0,0.59319776
2023-07-25 08:00:00,117.0721358,64.52742
2023-04-15 15:00:00,0.0,0.59319776
2023-11-12 15:00:00,8.200848656,23.344648
2023-06-26 21:00:00,0.229844413,18.362482
2023-02-09 07:00:00,0.0,0.59319776
2023-08-01 16:00:00,144.5848656,113.70263
2023-06-29 17:00:00,181.42857140000004,185.25847
2023-04-08 09:00:00,0.0,0.59319776
2023-10-06 02:00:00,0.0,0.59319776
2023-05-03 22:00:00,0.0,0.59319776
2023-06-13 23:00:00,0.0,0.59319776
2023-12-15 05:00:00,0.0,0.59319776
2023-11-16 00:00:00,0.0,0.59319776
2023-04-01 13:00:00,71.04243281,104.72695
2023-08-19 13:00:00,158.40523340000001,131.4908
2023-07-10 13:00:00,158.970297,164.31747
2023-02-05 13:00:00,99.35219235999999,96.566025
2023-12-10 01:00:00,0.0,0.59319776
2023-04-18 11:00:00,0.0,0.59319776
2023-03-08 16:00:00,0.297029703,0.59319776
2023-06-17 08:00:00,72.80127298,16.870825
2023-07-19 03:00:00,0.0,0.59319776
2023-05-26 00:00:00,0.0,0.59319776
2023-10-23 10:00:00,70.89816124,47.429096
2023-02-28 11:00:00,53.23903819,48.191875
2023-06-22 11:00:00,186.5176803,195.40231
2023-09-10 11:00:00,29.41089109,39.94661
2023-05-09 22:00:00,0.0,0.59319776
2023-08-29 06:00:00,0.687411598,0.59319776
2023-12-15 20:00:00,0.0,0.59319776
2023-05-09 06:00:00,17.95473833,0.59319776
2023-02-22 11:00:00,83.98797737,58.476124
2023-02-27 00:00:00,0.0,0.59319776
2023-10-01 12:00:00,85.08769448,69.25028
2023-06-25 08:00:00,146.8719943,80.50782
2023-10-23 03:00:00,0.0,0.59319776
2023-07-17 23:00:00,0.0,0.59319776
2023-12-01 10:00:00,16.74681754,14.021443
2023-07-07 12:00:00,286.3910891,232.97968
2023-03-17 05:00:00,0.0,0.59319776
2023-07-02 02:00:00,0.0,0.59319776
2023-06-08 09:00:00,170.7701556,128.7496
2023-02-01 14:00:00,36.63437058,32.73617
2023-07-25 11:00:00,234.718529,148.36598
2023-09-30 10:00:00,95.61173975,53.3156
2023-06-22 17:00:00,167.7998586,138.45418
2023-12-19 18:00:00,0.0,0.59319776
2023-06-23 23:00:00,0.0,0.59319776
2023-06-10 02:00:00,0.0,0.59319776
2023-11-04 16:00:00,1.889674682,46.337906
2023-12-15 23:00:00,0.0,0.59319776
2023-10-31 09:00:00,81.74540310999998,31.725988
2023-09-30 02:00:00,0.0,0.59319776
2023-02-04 00:00:00,0.0,0.59319776
2023-10-19 16:00:00,34.2029703,64.82062
2023-03-14 18:00:00,0.22206506399999998,26.8618
2023-02-13 04:00:00,0.0,0.59319776
2023-07-10 05:00:00,2.14427157,0.59319776
2023-08-20 17:00:00,67.49787836,148.8877
2023-03-21 22:00:00,0.0,0.59319776
2023-05-16 21:00:00,0.0,3.7839584
2023-10-18 05:00:00,0.0,0.59319776
2023-07-22 14:00:00,104.0254597,85.39626
2023-08-28 11:00:00,167.00070720000002,80.097916
2023-08-23 17:00:00,112.35643559999998,145.09348
2023-03-05 03:00:00,0.0,0.59319776
2023-12-26 12:00:00,48.60891089,48.725773
2023-02-10 12:00:00,101.7446959,81.1114
2023-05-02 01:00:00,0.0,0.59319776
2023-07-18 08:00:00,103.78712870000001,32.793503
2023-09-25 14:00:00,196.2524752,189.82393
2023-10-29 06:00:00,0.0,0.59319776
2023-07-02 21:00:00,0.632956153,19.40202
2023-08-21 00:00:00,0.0,0.59319776
2023-04-06 16:00:00,113.68033950000002,143.77794
2023-04-12 23:00:00,0.0,0.59319776
2023-06-15 23:00:00,0.0,0.59319776
2023-11-24 22:00:00,0.0,0.59319776
2023-05-14 16:00:00,155.5862801,182.51218
2023-03-18 20:00:00,0.0,0.59319776
2023-09-07 04:00:00,0.0,0.59319776
2023-06-04 16:00:00,217.5579915,217.25797
2023-12-31 15:00:00,7.066478076,19.688251
2023-12-12 06:00:00,0.0,0.59319776
2023-05-14 05:00:00,0.002121641,0.59319776
2023-02-13 23:00:00,0.0,0.59319776
2023-09-19 23:00:00,0.0,0.59319776
2023-04-06 10:00:00,145.0134371,97.39995
2023-05-18 04:00:00,0.0,0.59319776
2023-02-26 02:00:00,0.0,0.59319776
2023-02-06 14:00:00,91.70792079,106.10067
2023-06-02 10:00:00,206.39321069999997,110.3985
2023-05-06 08:00:00,18.50353607,22.543747
2023-08-03 06:00:00,6.821074965000001,0.59319776
2023-04-23 04:00:00,0.0,0.59319776
2023-02-22 06:00:00,0.0,0.59319776
2023-02-20 04:00:00,0.0,0.59319776
2023-05-16 12:00:00,285.6350778,183.22697
2023-03-01 01:00:00,0.0,0.59319776
2023-03-25 10:00:00,101.4448373,54.90916
2023-11-02 08:00:00,9.932107496,0.59319776
2023-03-14 03:00:00,0.0,0.59319776
2023-04-18 17:00:00,0.0,0.59319776
2023-07-09 22:00:00,0.0,0.59319776
2023-07-29 15:00:00,222.9115983,183.22302
2023-09-30 09:00:00,51.43635078,49.565125
2023-06-17 03:00:00,0.0,0.59319776
2023-09-08 21:00:00,0.0,0.59319776
2023-10-23 09:00:00,43.71287129,11.82078
2023-12-19 19:00:00,0.0,0.59319776
2023-12-31 04:00:00,0.0,0.59319776
2023-10-19 09:00:00,56.04526167,9.49775
2023-10-05 13:00:00,54.29278642,75.54261
2023-03-21 05:00:00,0.0,0.59319776
2023-08-17 05:00:00,0.0,0.59319776
2023-03-19 17:00:00,14.61315417,66.756
2023-04-29 04:00:00,0.0,0.59319776
2023-04-29 16:00:00,81.23408769,95.09406
2023-10-18 09:00:00,20.999292790000002,4.3416953
2023-09-18 14:00:00,189.2871287,164.77596
2023-07-19 19:00:00,52.21994342,95.500595
2023-02-14 18:00:00,0.0,0.59319776
2023-12-22 21:00:00,0.0,0.59319776
2023-08-24 00:00:00,0.0,0.59319776
2023-10-30 21:00:00,0.0,0.59319776
2023-12-29 12:00:00,29.303394630000003,64.59826
2023-11-06 10:00:00,86.95403112,72.11906
2023-04-11 22:00:00,0.0,0.59319776
2023-08-16 07:00:00,42.62588402,7.4849043
2023-11-20 07:00:00,0.002828854,0.59319776
2023-08-24 08:00:00,27.13578501,13.854193
2023-05-19 20:00:00,5.929278642,37.381718
2023-07-22 22:00:00,0.0,0.59319776
2023-11-11 12:00:00,109.25742570000001,125.882484
2023-11-05 20:00:00,0.0,0.59319776
2023-03-21 01:00:00,0.0,0.59319776
2023-07-12 02:00:00,0.0,0.59319776
2023-12-17 06:00:00,0.0,0.59319776
2023-07-27 20:00:00,4.582743989,43.017227
2023-07-27 05:00:00,0.6173974540000001,0.59319776
2023-12-14 16:00:00,0.0,17.74583
2023-06-19 02:00:00,0.0,0.59319776
2023-08-02 19:00:00,36.54455446,65.78212
2023-06-19 23:00:00,0.0,0.59319776
2023-06-24 23:00:00,0.0,0.59319776
2023-10-12 16:00:00,17.59688826,40.85983
2023-08-09 22:00:00,0.0,0.59319776
2023-03-25 06:00:00,2.543140028,0.59319776
2023-03-15 11:00:00,91.24964639,81.280785
2023-05-14 17:00:00,99.03536068,136.2934
2023-08-10 07:00:00,29.32602546,11.062059
2023-08-22 10:00:00,163.9710042,84.63684
2023-10-16 23:00:00,0.0,0.59319776
2023-05-03 01:00:00,0.0,0.59319776
2023-12-24 15:00:00,4.168316832,18.675907
2023-09-03 03:00:00,0.0,0.59319776
2023-11-21 17:00:00,0.0,0.59319776
2023-05-11 13:00:00,275.9780764,137.80035
2023-11-18 03:00:00,0.0,0.59319776
2023-09-09 14:00:00,195.10396039999998,174.57767
2023-10-03 20:00:00,0.0,0.59319776
2023-09-12 14:00:00,64.91796322,57.720894
2023-04-30 07:00:00,20.35572843,13.410912
2023-12-09 10:00:00,20.08274399,19.903091
2023-08-06 19:00:00,45.32036775,86.27028
2023-12-07 14:00:00,3.78854314,15.63412
2023-07-15 12:00:00,250.37057990000002,243.86993
2023-05-04 02:00:00,0.0,0.59319776
2023-05-05 05:00:00,0.0,0.59319776
2023-03-26 20:00:00,0.0,0.90610003
2023-12-08 14:00:00,14.40169731,44.904194
2023-06-15 18:00:00,108.21570009999999,143.67519
2023-12-12 21:00:00,0.0,0.59319776
2023-03-18 00:00:00,0.0,0.59319776
2023-11-18 06:00:00,0.0,0.59319776
2023-05-22 13:00:00,289.8048091,241.95082
2023-07-11 07:00:00,53.98090523,18.334606
2023-02-19 10:00:00,122.2362093,60.200203
2023-04-01 15:00:00,53.23550212,70.68073
2023-04-03 00:00:00,0.0,0.59319776
2023-05-21 17:00:00,111.4582744,152.36685
2023-06-09 03:00:00,0.0,0.59319776
2023-06-05 07:00:00,42.31966054,24.456251
2023-05-04 14:00:00,65.10749646,74.403786
2023-04-04 00:00:00,0.0,0.59319776
2023-05-07 09:00:00,62.24681754,45.66134
2023-07-14 19:00:00,25.65205092,55.45578
2023-06-09 07:00:00,70.4738331,28.558931
2023-11-26 20:00:00,0.0,0.59319776
2023-08-28 15:00:00,137.5374823,152.6085
2023-08-15 05:00:00,0.0,0.59319776
2023-03-21 18:00:00,0.123055163,17.34742
2023-09-29 09:00:00,108.4540311,47.484222
2023-11-27 11:00:00,70.84512023,47.00506
2023-07-18 12:00:00,253.188826,151.61479
2023-12-17 12:00:00,16.38401697,22.205168
2023-06-21 12:00:00,283.3521924,121.034706
2023-07-18 19:00:00,27.19024045,74.71207
2023-02-16 10:00:00,66.31683168,40.974785
2023-03-01 17:00:00,2.659123055,28.707275
2023-02-09 15:00:00,33.52475248,48.46259
2023-07-09 12:00:00,159.4002829,170.33344
2023-11-30 13:00:00,35.37411598,43.706524
2023-12-27 02:00:00,0.0,0.59319776
2023-11-26 09:00:00,5.636492221,0.614717
2023-04-09 01:00:00,0.0,0.59319776
2023-12-23 00:00:00,0.0,0.59319776
2023-02-01 10:00:00,81.57142857,53.055122
2023-04-05 15:00:00,34.40169731,45.436596
2023-11-17 22:00:00,0.0,0.59319776
2023-12-11 18:00:00,0.0,0.59319776
2023-04-02 20:00:00,0.0,1.1167208
2023-04-20 21:00:00,0.0,0.59319776
2023-12-29 11:00:00,65.74186704,42.76752
2023-07-12 23:00:00,0.0,0.59319776
2023-07-25 02:00:00,0.0,0.59319776
2023-03-23 19:00:00,0.0,0.59319776
2023-11-03 00:00:00,0.0,0.59319776
2023-03-08 03:00:00,0.0,0.59319776
2023-02-02 14:00:00,28.99787836,65.92662
2023-06-11 00:00:00,0.0,0.59319776
2023-04-18 03:00:00,0.0,0.59319776
2023-08-18 03:00:00,0.0,0.59319776
2023-02-21 00:00:00,0.0,0.59319776
2023-06-27 23:00:00,0.0,0.59319776
2023-02-13 21:00:00,0.0,0.59319776
2023-10-12 05:00:00,0.0,0.59319776
2023-11-11 20:00:00,0.0,0.59319776
2023-12-30 23:00:00,0.0,0.59319776
2023-03-04 22:00:00,0.0,0.59319776
2023-12-21 18:00:00,0.0,0.59319776
2023-04-16 21:00:00,0.0,0.59319776
2023-06-12 20:00:00,13.61527581,40.644043
2023-12-17 04:00:00,0.0,0.59319776
2023-02-22 13:00:00,53.66265912,70.46313
2023-06-24 09:00:00,141.6838755,101.22464
2023-07-28 17:00:00,77.81117397,118.13655
2023-04-13 14:00:00,139.5622348,148.51393
2023-03-15 15:00:00,51.39250354,51.371758
2023-04-05 10:00:00,72.89108911,46.824135
2023-09-12 07:00:00,18.40806223,0.59319776
2023-07-23 17:00:00,47.91018388,44.926807
2023-06-04 21:00:00,0.236209335,15.531459
2023-12-06 18:00:00,0.0,0.59319776
2023-06-27 16:00:00,79.59618105,117.215096
2023-12-07 13:00:00,10.92857143,13.802524
2023-05-15 00:00:00,0.0,0.59319776
2023-04-15 08:00:00,0.0,0.59319776
2023-09-12 22:00:00,0.0,0.59319776
2023-11-24 06:00:00,0.0,0.59319776
2023-08-08 02:00:00,0.0,0.59319776
2023-03-14 20:00:00,0.0,0.59319776
2023-09-10 01:00:00,0.0,0.59319776
2023-07-23 10:00:00,106.615983,96.393814
2023-03-03 20:00:00,0.0,0.59319776
2023-09-05 13:00:00,216.0601132,186.51585
2023-04-03 15:00:00,176.2121641,157.00064
2023-03-10 16:00:00,42.29207921,55.80829
2023-11-04 20:00:00,0.0,0.59319776
2023-03-26 18:00:00,10.6562942,26.627853
2023-08-12 09:00:00,125.9787836,61.92986
2023-08-01 08:00:00,117.8698727,62.579666
2023-08-01 15:00:00,127.2899576,110.23873
2023-07-21 10:00:00,239.59971710000002,157.45685
2023-03-24 16:00:00,63.92220651,44.189926
2023-12-10 21:00:00,0.0,0.59319776
2023-02-21 15:00:00,65.15275813,89.30678
2023-02-03 08:00:00,8.890381895,0.59319776
2023-06-10 04:00:00,0.004950495,0.59319776
2023-05-12 18:00:00,50.96676096,81.44621
2023-10-07 07:00:00,2.036775106,0.59319776
2023-09-04 09:00:00,130.4879774,71.24638
2023-09-25 09:00:00,121.7842999,55.62255
2023-05-05 18:00:00,47.46534653,81.989944
2023-11-16 18:00:00,0.0,0.59319776
2023-04-09 18:00:00,0.0,0.59319776
2023-10-25 23:00:00,0.0,0.59319776
2023-03-20 17:00:00,4.789250354,15.032426
2023-10-02 02:00:00,0.0,0.59319776
2023-09-14 13:00:00,209.6181047,152.31546
2023-11-01 11:00:00,126.606082,48.030148
2023-03-20 12:00:00,56.77157001,45.675
2023-02-06 06:00:00,0.0,0.59319776
2023-06-03 06:00:00,33.46393211,13.397313
2023-05-07 15:00:00,204.238331,190.85097
2023-09-17 13:00:00,15.57920792,9.279061
2023-02-07 02:00:00,0.0,0.59319776
2023-03-03 05:00:00,0.0,0.59319776
2023-02-28 12:00:00,57.818246110000004,54.737366
2023-07-05 20:00:00,13.75035361,60.586185
2023-04-13 02:00:00,0.0,0.59319776
2023-07-16 11:00:00,126.0374823,180.56595
2023-08-19 18:00:00,55.26944837,104.48416
2023-04-21 15:00:00,101.3889675,84.18572
2023-06-01 22:00:00,0.0,0.59319776
2023-09-03 12:00:00,224.4745403,182.065
2023-05-06 01:00:00,0.0,0.59319776
2023-05-28 02:00:00,0.0,0.59319776
2023-12-29 06:00:00,0.0,0.59319776
2023-03-12 23:00:00,0.0,0.59319776
2023-03-07 19:00:00,0.0,0.59319776
2023-08-25 04:00:00,0.0,0.59319776
2023-02-21 06:00:00,0.0,0.59319776
2023-05-19 11:00:00,206.38613860000004,193.31494
2023-07-31 23:00:00,0.0,0.59319776
2023-07-17 05:00:00,3.622347949,0.59319776
2023-10-10 12:00:00,62.84016973000001,53.46787
2023-03-27 09:00:00,92.61173975,39.189644
2023-08-15 07:00:00,47.7970297,9.578088
2023-11-11 03:00:00,0.0,0.59319776
2023-11-30 15:00:00,5.622347948999999,23.730143
2023-11-25 17:00:00,0.0,0.59319776
2023-08-03 02:00:00,0.0,0.59319776
2023-07-03 21:00:00,0.19519094800000003,18.174156
2023-02-25 02:00:00,0.0,0.59319776
2023-11-14 14:00:00,57.27439887,46.508
2023-07-07 20:00:00,13.257425739999999,55.240475
2023-10-13 05:00:00,0.0,0.59319776
2023-05-08 18:00:00,10.20367751,17.101303
2023-09-30 22:00:00,0.0,0.59319776
2023-05-17 06:00:00,36.26166902,0.7651608
2023-10-14 17:00:00,37.71074965,64.5765
2023-03-14 15:00:00,160.9059406,155.87424
2023-02-22 17:00:00,0.0,14.8318615
2023-12-24 13:00:00,24.29915134,29.74203
2023-09-08 04:00:00,0.0,0.59319776
2023-08-05 17:00:00,19.59264498,51.210003
2023-08-26 07:00:00,35.48161245,2.5177705
2023-12-11 16:00:00,0.0,14.925686
2023-04-08 10:00:00,0.0,0.59319776
2023-12-20 11:00:00,39.26379066,37.910004
2023-12-02 04:00:00,0.0,0.59319776
2023-10-21 21:00:00,0.0,0.59319776
2023-05-13 10:00:00,68.36704385,56.327576
2023-12-15 13:00:00,48.15205091999999,48.804512
2023-10-24 05:00:00,0.0,0.59319776
2023-12-22 18:00:00,0.0,0.59319776
2023-12-01 04:00:00,0.0,0.59319776
2023-12-18 19:00:00,0.0,0.59319776
2023-11-05 15:00:00,11.74752475,77.080055
2023-06-20 18:00:00,102.7022631,141.33937
2023-06-30 16:00:00,84.67821782000001,62.110584
2023-08-28 03:00:00,0.0,0.59319776
2023-02-17 01:00:00,0.0,0.59319776
2023-03-27 01:00:00,0.0,0.59319776
2023-07-17 17:00:00,140.3217822,195.23125
2023-04-14 14:00:00,0.0,0.59319776
2023-05-23 02:00:00,0.0,0.59319776
2023-03-16 23:00:00,0.0,0.59319776
2023-03-16 20:00:00,0.0,0.59319776
2023-06-10 12:00:00,245.7093352,218.83327
2023-04-29 21:00:00,0.0,0.59319776
2023-04-12 15:00:00,24.941301270000004,23.62816
2023-03-26 00:00:00,0.0,0.59319776
2023-05-30 19:00:00,25.35148515,90.700806
2023-04-25 19:00:00,11.05799151,36.266346
2023-11-26 00:00:00,0.0,0.59319776
2023-10-31 01:00:00,0.0,0.59319776
2023-09-16 02:00:00,0.0,0.59319776
2023-02-24 01:00:00,0.0,0.59319776
2023-05-23 10:00:00,193.2878359,99.71657
2023-06-11 06:00:00,13.35997171,6.0768065
2023-05-15 22:00:00,0.0,0.59319776
2023-07-24 19:00:00,17.04879774,36.95237
2023-06-21 23:00:00,0.0,0.59319776
2023-08-30 07:00:00,22.38048091,0.59319776
2023-02-07 10:00:00,56.3698727,29.956804
2023-03-14 02:00:00,0.0,0.59319776
2023-09-03 11:00:00,212.9179632,155.38754
2023-03-31 23:00:00,0.0,0.59319776
2023-07-31 11:00:00,69.68175389,86.93709
2023-10-05 03:00:00,0.0,0.59319776
2023-12-29 16:00:00,0.0,8.942101
2023-10-28 00:00:00,0.0,0.59319776
2023-02-13 17:00:00,0.791371994,30.699425
2023-11-21 12:00:00,35.72206506,28.181812
2023-07-04 08:00:00,21.466053750000004,14.3851795
2023-06-24 05:00:00,2.135077793,0.59319776
2023-07-15 02:00:00,0.0,0.59319776
2023-06-06 16:00:00,78.81683168,88.40508
2023-06-10 06:00:00,31.81329562,6.54766
2023-05-08 06:00:00,4.224186704,0.59319776
2023-04-20 02:00:00,0.0,0.59319776
2023-03-17 08:00:00,39.43705799,28.028126
2023-12-25 11:00:00,33.60891089,29.715635
2023-12-31 18:00:00,0.0,0.59319776
2023-12-22 12:00:00,28.64780764,30.481916
2023-11-27 08:00:00,11.93493635,0.59319776
2023-11-06 11:00:00,117.6633663,81.499855
2023-05-16 04:00:00,0.0,0.59319776
2023-06-17 12:00:00,255.0162659,217.1586
2023-09-22 19:00:00,0.0,20.646883
2023-06-01 10:00:00,156.6089109,97.64444
2023-07-29 04:00:00,0.0,0.59319776
2023-11-20 19:00:00,0.0,0.59319776
2023-02-07 14:00:00,92.8960396,106.76014
2023-07-30 00:00:00,0.0,0.59319776
2023-12-22 04:00:00,0.0,0.59319776
2023-12-08 15:00:00,8.533239038,18.973017
2023-08-25 07:00:00,33.31329562,3.1148612
2023-10-30 12:00:00,99.74045262,86.992424
2023-11-13 17:00:00,0.0,0.59319776
2023-11-29 13:00:00,24.4582744,41.575504
2023-03-28 02:00:00,0.0,0.59319776
2023-05-05 09:00:00,68.99009901,59.61956
2023-11-05 18:00:00,0.0,0.59319776
2023-10-14 09:00:00,85.93705799,34.46402
2023-06-22 22:00:00,0.0,0.59319776
2023-05-18 09:00:00,158.592645,78.26631
2023-02-01 18:00:00,0.0,0.59319776
2023-04-21 07:00:00,1.704384724,0.59319776
2023-03-30 23:00:00,0.0,0.59319776
2023-10-16 02:00:00,0.0,0.59319776
2023-06-03 15:00:00,247.1725601,221.59421
2023-02-09 02:00:00,0.0,0.59319776
2023-02-07 18:00:00,0.0,0.59319776
2023-10-30 05:00:00,0.0,0.59319776
2023-09-16 12:00:00,41.77015559,56.794434
2023-08-17 04:00:00,0.0,0.59319776
2023-12-26 23:00:00,0.0,0.59319776
2023-11-11 17:00:00,0.0,0.59319776
2023-03-03 00:00:00,0.0,0.59319776
2023-09-10 14:00:00,166.1874116,122.664185
2023-05-28 22:00:00,0.0,0.59319776
2023-02-03 16:00:00,7.291371994,32.638794
2023-11-18 12:00:00,50.53889675,59.41486
2023-03-19 00:00:00,0.0,0.59319776
2023-11-08 11:00:00,40.62800566,38.493355
2023-09-28 22:00:00,0.0,0.59319776
2023-03-15 13:00:00,61.68316832,96.81445
2023-10-02 05:00:00,0.0,0.59319776
2023-05-17 00:00:00,0.0,0.59319776
2023-02-10 18:00:00,0.0,0.59319776
2023-08-14 19:00:00,24.04950495,72.18933
2023-06-16 16:00:00,154.8755304,216.62164
2023-10-08 04:00:00,0.0,0.59319776
2023-11-24 08:00:00,10.0572843,0.59319776
2023-07-13 23:00:00,0.0,0.59319776
2023-03-02 17:00:00,9.142149929,57.22169
2023-08-12 19:00:00,2.499292786,49.59301
2023-03-27 20:00:00,0.0,0.59319776
2023-04-06 00:00:00,0.0,0.59319776
2023-03-24 12:00:00,190.8493635,130.17976
2023-06-26 06:00:00,48.39179632,4.03632
2023-02-22 16:00:00,10.09405941,48.24511
2023-11-26 03:00:00,0.0,0.59319776
2023-08-20 01:00:00,0.0,0.59319776
2023-08-17 16:00:00,41.92220651,83.386795
2023-10-26 21:00:00,0.0,0.59319776
2023-12-15 08:00:00,0.440594059,0.59319776
2023-09-28 08:00:00,22.05445545,0.877071
2023-11-18 11:00:00,59.16973125999999,32.302975
2023-10-15 07:00:00,0.7531824609999999,0.59319776
2023-10-23 02:00:00,0.0,0.59319776
2023-02-15 22:00:00,0.0,0.59319776
2023-02-02 09:00:00,21.57991513,4.1381116
2023-02-02 22:00:00,0.0,0.59319776
2023-04-10 17:00:00,0.0,0.59319776
2023-08-25 02:00:00,0.0,0.59319776
2023-12-09 07:00:00,0.0,0.59319776
2023-10-12 04:00:00,0.0,0.59319776
2023-09-19 10:00:00,75.9115983,54.027878
2023-06-19 18:00:00,94.64639321,153.07994
2023-06-26 10:00:00,174.5056577,127.31886
2023-05-22 22:00:00,0.0,0.59319776
2023-04-15 07:00:00,0.0,0.59319776
2023-03-05 09:00:00,60.16053748,12.26939
2023-02-18 14:00:00,48.28783593,56.081604
2023-05-07 01:00:00,0.0,0.59319776
2023-12-29 15:00:00,6.270155587,27.96067
2023-10-07 15:00:00,145.2234795,101.857574
2023-11-03 16:00:00,5.101131542,46.752525
2023-07-03 22:00:00,0.0,0.59319776
2023-07-29 18:00:00,71.10891089,117.36923
2023-09-30 07:00:00,4.850070721,0.59319776
2023-10-18 17:00:00,0.0,2.052103
2023-04-05 19:00:00,0.350070721,5.8179483
2023-12-24 21:00:00,0.0,0.59319776
2023-10-29 16:00:00,8.857850071,52.101883
2023-08-09 02:00:00,0.0,0.59319776
2023-01-31 20:00:00,0.0,0.59319776
2023-05-26 11:00:00,282.6188119,214.06903
2023-04-17 12:00:00,0.0,0.59319776
2023-06-07 08:00:00,41.12093352,39.46779
2023-05-08 01:00:00,0.0,0.59319776
2023-07-14 04:00:00,0.0,0.59319776
2023-07-28 13:00:00,135.3585573,119.45605
2023-10-16 17:00:00,7.992927864,37.480656
2023-04-05 23:00:00,0.0,0.59319776
2023-05-17 07:00:00,88.98090523,42.46504
2023-02-19 21:00:00,0.0,0.59319776
2023-11-03 14:00:00,63.38755304,75.99995
2023-11-08 09:00:00,13.47524752,2.9337215
2023-08-28 13:00:00,119.2439887,162.09572
2023-02-19 13:00:00,166.4950495,159.53464
2023-05-25 11:00:00,271.5275813,199.50255
2023-10-06 07:00:00,2.659830269,0.59319776
2023-02-12 21:00:00,0.0,0.59319776
2023-12-08 01:00:00,0.0,0.59319776
2023-07-31 12:00:00,49.40594059000001,67.729866
2023-09-12 06:00:00,0.0,0.59319776
2023-11-19 05:00:00,0.0,0.59319776
2023-06-19 06:00:00,31.57213579,2.158038
2023-09-18 09:00:00,26.41371994,53.784122
2023-11-20 02:00:00,0.0,0.59319776
2023-08-10 03:00:00,0.0,0.59319776
2023-12-10 19:00:00,0.0,0.59319776
2023-08-28 00:00:00,0.0,0.59319776
2023-09-23 22:00:00,0.0,0.59319776
2023-12-19 09:00:00,0.456859972,0.59319776
2023-02-03 09:00:00,34.14356436,13.674705
2023-12-31 14:00:00,15.145685999999998,41.719208
2023-02-26 18:00:00,0.0,10.343504
2023-11-03 11:00:00,120.6463932,109.60184
2023-07-29 22:00:00,0.0,0.59319776
2023-12-01 18:00:00,0.0,0.59319776
2023-09-21 14:00:00,162.9158416,174.81647
2023-06-06 03:00:00,0.0,0.59319776
2023-04-04 22:00:00,0.0,0.59319776
2023-11-24 20:00:00,0.0,0.59319776
2023-07-31 10:00:00,93.76449788,80.125015
2023-03-31 15:00:00,76.09688826,49.157032
2023-03-12 06:00:00,1.384016973,0.59319776
2023-07-05 23:00:00,0.0,0.59319776
2023-10-13 02:00:00,0.0,0.59319776
2023-04-29 15:00:00,103.98161239999999,131.81883
2023-03-16 02:00:00,0.0,0.59319776
2023-04-06 07:00:00,14.32178218,0.59319776
2023-03-10 21:00:00,0.0,0.59319776
2023-02-04 23:00:00,0.0,0.59319776
2023-06-27 15:00:00,131.6895332,137.89915
2023-07-20 06:00:00,23.90381895,0.66855997
2023-12-29 14:00:00,23.2864215,43.30086
2023-09-15 09:00:00,56.59264498,29.067663
2023-12-04 10:00:00,15.49080622,12.481514
2023-06-30 06:00:00,22.07425743,0.5983538
2023-10-12 12:00:00,55.05304102,44.575798
2023-08-25 16:00:00,80.52687412,148.05263
2023-09-11 10:00:00,85.64992928,113.92113
2023-04-24 01:00:00,0.0,0.59319776
2023-04-13 19:00:00,0.0,0.59319776
2023-10-04 21:00:00,0.0,0.59319776
2023-05-16 15:00:00,227.4045262,211.9382
2023-08-14 05:00:00,0.0,0.59319776
2023-03-28 03:00:00,0.0,0.59319776
2023-03-12 11:00:00,193.94837339999998,145.94211
2023-07-04 13:00:00,76.90452617,70.06165
2023-03-21 08:00:00,65.28500707,17.81382
2023-09-04 04:00:00,0.0,0.59319776
2023-04-16 04:00:00,0.0,0.59319776
2023-11-11 10:00:00,124.1244696,83.36251
2023-09-16 21:00:00,0.0,0.59319776
2023-04-12 00:00:00,0.0,0.59319776
2023-12-27 21:00:00,0.0,0.59319776
2023-04-13 13:00:00,170.8932107,190.01534
2023-04-30 03:00:00,0.0,0.59319776
2023-03-06 13:00:00,58.77864215,101.230286
2023-03-31 06:00:00,0.0,0.59319776
2023-07-13 05:00:00,3.379066478,0.59319776
2023-12-23 10:00:00,20.40947666,9.988689
2023-08-27 04:00:00,0.0,0.59319776
2023-12-01 17:00:00,0.0,0.59319776
2023-10-11 05:00:00,0.0,0.59319776
2023-07-23 06:00:00,17.90664781,0.59319776
2023-05-22 06:00:00,26.67963225,2.0737453
2023-08-24 23:00:00,0.0,0.59319776
2023-07-11 22:00:00,0.0,0.59319776
2023-03-04 06:00:00,0.0,0.59319776
2023-05-21 23:00:00,0.0,0.59319776
2023-11-11 21:00:00,0.0,0.59319776
2023-04-04 04:00:00,0.0,0.59319776
2023-05-07 00:00:00,0.0,0.59319776
2023-02-02 03:00:00,0.0,0.59319776
2023-11-02 04:00:00,0.0,0.59319776
2023-03-02 14:00:00,156.00919379999996,148.50432
2023-02-10 06:00:00,0.0,0.59319776
2023-04-25 07:00:00,32.45756719,8.091884
2023-02-07 12:00:00,123.562942,93.49678
2023-11-16 08:00:00,1.4009900989999997,0.59319776
2023-01-31 18:00:00,0.0,0.59319776
2023-09-25 02:00:00,0.0,0.59319776
2023-11-15 17:00:00,0.0,0.59319776
2023-05-15 04:00:00,0.0,0.59319776
2023-08-31 16:00:00,48.294200849999996,49.68728
2023-09-09 11:00:00,154.93140030000004,135.7446
2023-12-17 14:00:00,10.22135785,22.199728
2023-08-24 16:00:00,63.464639319999996,136.89189
2023-06-11 11:00:00,38.08486563,36.994373
2023-12-02 00:00:00,0.0,0.59319776
2023-05-03 18:00:00,46.11244696,87.542915
2023-11-07 11:00:00,119.0127298,116.89157
2023-07-23 08:00:00,75.96251768,60.233665
2023-02-21 08:00:00,15.27227723,1.237075
2023-02-13 10:00:00,55.53960396,31.945316
2023-09-27 14:00:00,30.74681754,53.16166
2023-10-14 08:00:00,28.35785007,0.59319776
2023-08-10 10:00:00,191.1937765,115.99327
2023-08-02 00:00:00,0.0,0.59319776
2023-11-14 03:00:00,0.0,0.59319776
2023-07-10 16:00:00,45.05869873,82.43429
2023-10-21 01:00:00,0.0,0.59319776
2023-03-13 19:00:00,0.0,0.59319776
2023-12-26 14:00:00,43.33097595,51.17765
2023-04-16 08:00:00,0.0,0.59319776
2023-11-23 17:00:00,0.0,0.59319776
2023-12-27 12:00:00,4.408062235,11.575312
2023-03-29 18:00:00,2.02970297,19.316357
2023-10-08 13:00:00,197.40311169999998,149.94014
2023-11-16 17:00:00,0.0,0.59319776
2023-05-16 23:00:00,0.0,0.59319776
2023-07-16 09:00:00,128.1082037,104.644516
2023-12-14 15:00:00,13.1251768,51.618847
2023-12-19 22:00:00,0.0,0.59319776
2023-12-13 07:00:00,0.0,0.59319776
2023-06-24 00:00:00,0.0,0.59319776
2023-09-24 13:00:00,93.9533239,94.998085
2023-08-30 17:00:00,54.9582744,102.922455
2023-12-30 03:00:00,0.0,0.59319776
2023-03-13 22:00:00,0.0,0.59319776
2023-07-06 22:00:00,0.0,0.59319776
2023-06-18 06:00:00,22.20438472,5.447515
2023-10-24 17:00:00,1.777934936,20.308983
2023-04-17 16:00:00,0.0,0.59319776
2023-09-01 01:00:00,0.0,0.59319776
2023-05-01 14:00:00,124.665488,76.378235
2023-06-21 00:00:00,0.0,0.59319776
2023-03-11 22:00:00,0.0,0.59319776
2023-11-10 19:00:00,0.0,0.59319776
2023-10-26 15:00:00,73.99363508,65.367714
2023-04-27 00:00:00,0.0,0.59319776
2023-04-22 11:00:00,82.64144272000001,68.26404
2023-06-27 17:00:00,42.76803395,75.62561
2023-02-18 04:00:00,0.0,0.59319776
2023-07-09 04:00:00,0.0,0.59319776
2023-08-03 12:00:00,246.4844413,162.88336
2023-06-26 01:00:00,0.0,0.59319776
2023-09-19 12:00:00,48.35219236,57.117943
2023-06-13 05:00:00,5.764497878,0.59319776
2023-11-09 16:00:00,0.0,1.3183663
2023-09-21 00:00:00,0.0,0.59319776
2023-08-31 20:00:00,0.0,0.59319776
2023-11-17 10:00:00,107.1626591,70.78588
2023-12-07 11:00:00,3.850777935,12.342819
2023-12-11 09:00:00,25.18104668,2.8884363
2023-08-16 15:00:00,194.78783589999998,192.04004
2023-05-13 00:00:00,0.0,0.59319776
2023-03-31 11:00:00,106.5551627,76.76274
2023-04-29 22:00:00,0.0,0.59319776
2023-05-06 12:00:00,47.203677510000006,43.595802
2023-10-18 04:00:00,0.0,0.59319776
2023-06-24 15:00:00,216.8896747,154.37914
2023-02-20 07:00:00,1.140028289,0.59319776
2023-11-14 09:00:00,4.380480905,0.75829756
2023-02-08 08:00:00,9.347241867,0.59319776
2023-03-22 22:00:00,0.0,0.59319776
2023-07-18 15:00:00,241.1011315,167.56685
2023-09-30 13:00:00,75.94554455,90.39366
2023-07-01 16:00:00,206.5968883,152.34538
2023-04-14 17:00:00,0.0,0.59319776
2023-06-11 05:00:00,5.362093352,0.59319776
2023-07-05 01:00:00,0.0,0.59319776
2023-11-25 05:00:00,0.0,0.59319776
2023-11-09 05:00:00,0.0,0.59319776
2023-07-30 19:00:00,28.14214993,53.62572
2023-09-15 22:00:00,0.0,0.59319776
2023-09-04 03:00:00,0.0,0.59319776
2023-04-27 20:00:00,0.0,10.609057
2023-05-30 07:00:00,55.29066478,41.27821
2023-12-30 22:00:00,0.0,0.59319776
2023-10-12 00:00:00,0.0,0.59319776
2023-11-01 05:00:00,0.0,0.59319776
2023-10-12 19:00:00,0.0,0.59319776
2023-05-30 00:00:00,0.0,0.59319776
2023-08-27 10:00:00,102.1421499,129.69872
2023-06-01 14:00:00,290.7807638,248.06955
2023-03-01 16:00:00,23.8854314,46.765244
2023-02-14 19:00:00,0.0,0.59319776
2023-12-28 20:00:00,0.0,0.59319776
2023-08-29 05:00:00,0.0,0.59319776
2023-02-02 01:00:00,0.0,0.59319776
2023-05-15 21:00:00,0.0,6.8489165
2023-02-26 19:00:00,0.0,0.59319776
2023-12-16 21:00:00,0.0,0.59319776
2023-07-31 04:00:00,0.0,0.59319776
2023-02-07 09:00:00,24.85643564,13.036975
2023-04-12 18:00:00,15.92998586,59.38418
2023-07-26 16:00:00,31.98585573,68.36749
2023-03-13 11:00:00,168.8366337,68.571045
2023-03-04 19:00:00,0.0,0.59319776
2023-09-23 23:00:00,0.0,0.59319776
2023-09-10 04:00:00,0.0,0.59319776
2023-08-07 05:00:00,0.07708628,0.59319776
2023-11-29 02:00:00,0.0,0.59319776
2023-08-04 03:00:00,0.0,0.59319776
2023-06-19 11:00:00,265.1082037,214.41797
2023-10-25 05:00:00,0.0,0.59319776
2023-02-03 20:00:00,0.0,0.59319776
2023-11-22 01:00:00,0.0,0.59319776
2023-06-05 03:00:00,0.0,0.59319776
2023-05-11 06:00:00,13.20579915,0.59319776
2023-10-03 11:00:00,188.5155587,104.510704
2023-10-27 04:00:00,0.0,0.59319776
2023-05-16 03:00:00,0.0,0.59319776
2023-05-15 18:00:00,105.0777935,158.42516
2023-02-22 03:00:00,0.0,0.59319776
2023-03-24 14:00:00,97.06294201,72.77939
2023-05-29 02:00:00,0.0,0.59319776
2023-09-12 00:00:00,0.0,0.59319776
2023-03-16 06:00:00,0.297736917,0.59319776
2023-06-14 16:00:00,183.3910891,214.30223
2023-10-17 09:00:00,48.83239038,17.816538
2023-07-18 01:00:00,0.0,0.59319776
2023-02-04 11:00:00,18.43564356,17.35762
2023-06-09 08:00:00,134.4476662,68.35963
2023-11-25 21:00:00,0.0,0.59319776
2023-11-21 23:00:00,0.0,0.59319776
2023-09-28 21:00:00,0.0,0.59319776
2023-06-23 06:00:00,30.30480905,5.9853134
2023-02-05 12:00:00,105.8253182,82.22031
2023-11-20 17:00:00,0.0,0.59319776
2023-03-22 04:00:00,0.0,0.59319776
2023-10-01 09:00:00,30.46958982,28.18096
2023-04-19 09:00:00,0.0,0.59319776
2023-05-03 08:00:00,84.07213579,50.405697
2023-05-12 23:00:00,0.0,0.59319776
2023-08-21 21:00:00,0.0,0.59319776
2023-09-30 11:00:00,89.32461103,88.411865
2023-03-14 11:00:00,151.3359264,112.30972
2023-08-17 02:00:00,0.0,0.59319776
2023-12-28 17:00:00,0.0,0.59319776
2023-08-07 11:00:00,250.8592645,187.7597
2023-04-19 15:00:00,0.0,0.59319776
2023-12-18 01:00:00,0.0,0.59319776
2023-06-27 11:00:00,81.45968883,86.38376
2023-07-06 10:00:00,159.73267329999996,151.57695
2023-12-28 02:00:00,0.0,0.59319776
2023-07-23 11:00:00,199.9306931,97.19726
2023-02-28 23:00:00,0.0,0.59319776
2023-05-24 07:00:00,73.63649222,28.056301
2023-05-15 15:00:00,241.20226310000004,230.54054
2023-08-26 08:00:00,84.67538897,41.94536
2023-12-28 01:00:00,0.0,0.59319776
2023-04-29 13:00:00,117.3132956,122.94029
2023-02-07 00:00:00,0.0,0.59319776
2023-02-03 22:00:00,0.0,0.59319776
2023-02-15 08:00:00,28.87906648,0.59319776
2023-12-24 17:00:00,0.0,0.59319776
2023-06-18 09:00:00,156.198727,61.217583
2023-11-24 05:00:00,0.0,0.59319776
2023-05-23 05:00:00,3.1980198020000006,0.59319776
2023-03-06 20:00:00,0.0,0.59319776
2023-04-03 14:00:00,181.523338,177.45322
2023-07-09 19:00:00,65.84794908,110.66499
2023-08-31 15:00:00,46.83592645,47.233097
2023-10-09 04:00:00,0.0,0.59319776
2023-08-27 11:00:00,90.84087694,93.6255
2023-05-08 17:00:00,12.45473833,48.8332
2023-12-03 06:00:00,0.0,0.59319776
2023-06-12 09:00:00,174.0572843,114.35363
2023-08-13 01:00:00,0.0,0.59319776
2023-07-15 01:00:00,0.0,0.59319776
2023-09-07 16:00:00,67.51343706,111.44642
2023-12-07 20:00:00,0.0,0.59319776
2023-04-20 20:00:00,0.0,0.59319776
2023-08-01 06:00:00,18.64427157,0.59319776
2023-12-06 14:00:00,27.53889675,41.39882
2023-04-02 02:00:00,0.0,0.59319776
2023-08-14 01:00:00,0.0,0.59319776
2023-10-11 21:00:00,0.0,0.59319776
2023-10-04 07:00:00,1.420084866,0.59319776
2023-12-08 02:00:00,0.0,0.59319776
2023-07-05 15:00:00,277.5388967,256.292
2023-09-09 06:00:00,0.382602546,0.59319776
2023-09-13 23:00:00,0.0,0.59319776
2023-07-10 23:00:00,0.0,0.59319776
2023-09-23 21:00:00,0.0,0.59319776
2023-07-03 14:00:00,218.5113154,108.98414
2023-07-29 09:00:00,121.6117397,80.15043
2023-04-11 20:00:00,0.0,0.59319776
2023-04-07 23:00:00,0.0,0.59319776
2023-06-09 06:00:00,23.770155590000005,7.498295
2023-08-19 19:00:00,12.78854314,56.338734
2023-11-21 08:00:00,5.651343706,0.59319776
2023-06-25 02:00:00,0.0,0.59319776
2023-06-19 15:00:00,250.4589816,180.11595
2023-08-31 21:00:00,0.0,0.59319776
2023-09-16 05:00:00,0.0,0.59319776
2023-07-15 05:00:00,2.5572843,0.59319776
2023-06-02 14:00:00,288.6089109,254.47284
2023-03-15 22:00:00,0.0,0.59319776
2023-10-01 13:00:00,91.6096181,80.00984
2023-04-19 17:00:00,0.0,0.59319776
2023-11-15 02:00:00,0.0,0.59319776
2023-02-03 02:00:00,0.0,0.59319776
2023-08-01 18:00:00,38.46322489,72.479576
2023-07-26 23:00:00,0.0,0.59319776
2023-08-29 23:00:00,0.0,0.59319776
2023-05-25 16:00:00,205.9186704,195.43506
2023-06-28 16:00:00,46.68033946,92.64703
2023-03-16 00:00:00,0.0,0.59319776
2023-08-17 23:00:00,0.0,0.59319776
2023-03-27 11:00:00,164.56577089999996,133.41219
2023-04-21 22:00:00,0.0,0.59319776
2023-05-18 22:00:00,0.0,0.59319776
2023-09-17 03:00:00,0.0,0.59319776
2023-08-11 00:00:00,0.0,0.59319776
2023-12-24 05:00:00,0.0,0.59319776
2023-02-01 08:00:00,12.196605369999999,0.59319776
2023-09-22 18:00:00,16.14285714,29.7757
2023-12-16 18:00:00,0.0,0.59319776
2023-07-25 21:00:00,0.0,0.59319776
2023-02-07 01:00:00,0.0,0.59319776
2023-10-22 12:00:00,173.36138610000003,125.94121
2023-06-27 02:00:00,0.0,0.59319776
2023-12-23 07:00:00,0.0,0.59319776
2023-09-15 19:00:00,0.224186704,26.329031
2023-10-01 17:00:00,28.95544554,40.884796
2023-10-22 03:00:00,0.0,0.59319776
2023-07-08 15:00:00,130.4773692,96.75687
2023-09-17 20:00:00,0.0,0.59319776
2023-08-10 20:00:00,1.809052334,37.90067
2023-06-18 17:00:00,57.19236209,35.885532
2023-07-13 16:00:00,93.02828854,145.87265
2023-11-22 08:00:00,6.244695898,0.59319776
2023-07-29 20:00:00,5.341584158,45.317394
2023-10-22 16:00:00,47.64639321000001,80.3503
2023-02-01 03:00:00,0.0,0.59319776
2023-06-08 23:00:00,0.0,0.59319776
2023-07-06 14:00:00,175.8380481,187.06241
2023-11-02 19:00:00,0.0,0.59319776
2023-07-15 21:00:00,0.0,7.7437634
2023-06-18 22:00:00,0.0,0.59319776
2023-04-02 17:00:00,85.01697313000001,116.09602
2023-11-14 04:00:00,0.0,0.59319776
2023-02-20 21:00:00,0.0,0.59319776
2023-10-22 02:00:00,0.0,0.59319776
2023-02-18 06:00:00,0.0,0.59319776
2023-05-25 13:00:00,223.811174,203.43736
2023-11-29 01:00:00,0.0,0.59319776
2023-12-26 10:00:00,31.44625177,18.825481
2023-10-10 20:00:00,0.0,0.59319776
2023-08-05 03:00:00,0.0,0.59319776
2023-05-04 20:00:00,0.582743989,21.78432
2023-09-19 04:00:00,0.0,0.59319776
2023-12-21 15:00:00,3.7871287130000004,22.094349
2023-09-27 08:00:00,20.48302687,1.3568999
2023-12-15 16:00:00,0.0,3.9705763
2023-07-19 23:00:00,0.0,0.59319776
2023-03-22 00:00:00,0.0,0.59319776
2023-04-10 16:00:00,0.0,0.59319776
2023-05-12 16:00:00,93.69448373,76.52899
2023-06-30 17:00:00,47.98727016,79.68292
2023-09-19 01:00:00,0.0,0.59319776
2023-12-06 03:00:00,0.0,0.59319776
2023-11-05 21:00:00,0.0,0.59319776
2023-07-13 20:00:00,12.46322489,49.28922
2023-02-22 07:00:00,0.017680339,0.59319776
2023-03-20 21:00:00,0.0,0.59319776
2023-02-24 10:00:00,57.47666195,42.889072
2023-08-14 17:00:00,136.5049505,147.44453
2023-09-11 06:00:00,0.0,0.59319776
2023-10-25 07:00:00,0.0,0.59319776
2023-06-29 14:00:00,153.6039604,177.77562
2023-09-26 13:00:00,156.7347949,159.2529
2023-07-15 09:00:00,126.9915134,93.268105
2023-02-20 12:00:00,50.59264498,58.051655
2023-09-04 21:00:00,0.0,0.59319776
2023-07-30 20:00:00,3.243281471,34.18501
2023-09-05 02:00:00,0.0,0.59319776
2023-07-14 13:00:00,19.2864215,48.08088
2023-10-28 06:00:00,0.0,0.59319776
2023-10-08 21:00:00,0.0,0.59319776
2023-03-07 13:00:00,74.48727016,97.89513
2023-08-04 08:00:00,113.05233380000001,36.97757
2023-05-13 17:00:00,157.29702970000002,183.17844
2023-04-29 03:00:00,0.0,0.59319776
2023-12-11 13:00:00,44.585572840000005,43.878025
2023-05-03 14:00:00,188.87199430000004,182.07912
2023-02-16 14:00:00,38.17114569,49.42487
2023-04-22 09:00:00,50.16973126,26.635532
2023-08-09 11:00:00,250.3677511,182.5867
2023-02-16 18:00:00,0.0,0.59319776
2023-12-21 02:00:00,0.0,0.59319776
2023-09-23 07:00:00,11.39108911,0.59319776
2023-12-05 20:00:00,0.0,0.59319776
2023-11-18 04:00:00,0.0,0.59319776
2023-09-23 20:00:00,0.0,0.59319776
2023-10-01 01:00:00,0.0,0.59319776
2023-10-06 11:00:00,155.2927864,125.07396
2023-08-22 17:00:00,120.4285714,144.06587
2023-02-23 22:00:00,0.0,0.59319776
2023-11-15 07:00:00,1.223479491,0.59319776
2023-12-26 04:00:00,0.0,0.59319776
2023-06-30 09:00:00,54.34229137,61.44516
2023-07-02 15:00:00,267.7199434,217.2382
2023-02-22 08:00:00,5.683875529999999,0.59319776
2023-08-12 20:00:00,0.061527581000000005,1.0565438
2023-06-10 07:00:00,73.91442716,39.024437
2023-04-21 21:00:00,0.0,0.59319776
2023-06-21 16:00:00,179.2248939,151.24045
2023-06-28 20:00:00,3.657001414,25.380629
2023-03-30 11:00:00,113.6018388,88.41468
2023-02-19 18:00:00,0.0,0.79366523
2023-12-31 09:00:00,10.964639320000002,0.59319776
2023-06-21 13:00:00,118.5735502,238.29718
2023-03-08 18:00:00,0.0,0.59319776
2023-04-25 14:00:00,119.70226309999998,106.21414
2023-09-23 14:00:00,113.5869873,145.1076
2023-09-02 16:00:00,145.0572843,132.22931
2023-04-29 07:00:00,20.24186704,10.952713
2023-02-19 14:00:00,142.0028289,145.00256
2023-10-09 06:00:00,0.0,0.59319776
2023-04-13 03:00:00,0.0,0.59319776
2023-02-10 08:00:00,23.112446960000003,0.59319776
2023-08-26 18:00:00,21.64992928,105.60041
2023-10-10 14:00:00,146.6541726,77.62998
2023-03-08 02:00:00,0.0,0.59319776
2023-03-03 18:00:00,0.0,0.59319776
2023-09-02 18:00:00,26.39745403,75.030495
2023-04-09 12:00:00,0.0,0.59319776
2023-08-29 22:00:00,0.0,0.59319776
2023-09-30 06:00:00,0.0,0.59319776
2023-11-11 13:00:00,49.42857143,99.3061
2023-02-17 18:00:00,0.0,0.59319776
2023-04-17 09:00:00,0.0,0.59319776
2023-09-16 09:00:00,58.83521924,27.35531
2023-09-06 19:00:00,5.487270156,29.352516
2023-02-09 13:00:00,56.86845827,76.9643
2023-04-10 01:00:00,0.0,0.59319776
2023-11-02 02:00:00,0.0,0.59319776
2023-02-28 22:00:00,0.0,0.59319776
2023-03-15 10:00:00,86.67963225,63.29976
2023-05-22 07:00:00,27.241867040000002,32.302975
2023-07-22 12:00:00,60.310466760000004,45.024807
2023-10-24 02:00:00,0.0,0.59319776
2023-05-18 05:00:00,1.671145686,0.59319776
2023-07-11 23:00:00,0.0,0.59319776
2023-07-02 13:00:00,224.3415842,157.21577
2023-10-11 18:00:00,0.0,10.58451
2023-08-16 12:00:00,228.87482319999998,195.87321
2023-03-19 01:00:00,0.0,0.59319776
2023-09-18 01:00:00,0.0,0.59319776
2023-11-01 06:00:00,0.0,0.59319776
2023-06-06 15:00:00,95.60325318,86.81174
2023-02-02 11:00:00,34.02050919,40.030598
2023-11-05 11:00:00,63.6669024,112.00595
2023-05-07 13:00:00,241.7503536,204.89235
2023-04-10 14:00:00,0.0,0.59319776
2023-11-07 10:00:00,131.2842999,83.503105
2023-08-09 00:00:00,0.0,0.59319776
2023-02-04 01:00:00,0.0,0.59319776
2023-07-06 08:00:00,88.66619519,57.23675
2023-03-12 01:00:00,0.0,0.59319776
2023-12-22 10:00:00,13.21287129,11.5820055
2023-05-20 12:00:00,293.7772277,242.06429
2023-03-08 14:00:00,2.196605375,1.7306303
2023-08-07 09:00:00,177.2461103,109.826546
2023-02-06 13:00:00,117.76803390000002,114.64045
2023-04-28 20:00:00,0.292079208,29.243307
2023-12-16 02:00:00,0.0,0.59319776
2023-02-25 12:00:00,73.17397454,88.958405
2023-10-25 19:00:00,0.0,0.59319776
2023-04-25 03:00:00,0.0,0.59319776
2023-03-21 13:00:00,149.4547383,96.799774
2023-08-26 17:00:00,117.1414427,117.45788
2023-02-18 16:00:00,13.34441301,42.566338
2023-03-31 05:00:00,0.0,0.59319776
2023-12-03 03:00:00,0.0,0.59319776
2023-10-14 10:00:00,135.7666195,80.687935
2023-02-24 17:00:00,1.132248939,0.7984163
2023-07-30 10:00:00,116.07072139999998,131.19212
2023-12-06 19:00:00,0.0,0.59319776
2023-12-25 04:00:00,0.0,0.59319776
2023-08-27 17:00:00,40.82602546,81.61051
2023-07-10 07:00:00,79.23055162999998,28.80192
2023-12-11 02:00:00,0.0,0.59319776
2023-03-07 08:00:00,36.94200849,9.272367
2023-05-26 12:00:00,299.6485149,237.71169
2023-02-26 01:00:00,0.0,0.59319776
2023-08-13 14:00:00,99.89886846,111.26067
2023-12-31 17:00:00,0.0,0.59319776
2023-08-30 23:00:00,0.0,0.59319776
2023-09-19 09:00:00,52.33946251999999,29.015793
2023-07-07 23:00:00,0.0,0.59319776
2023-03-03 13:00:00,50.60254597,55.92375
2023-07-13 22:00:00,0.0,0.59319776
2023-12-25 23:00:00,0.0,0.59319776
2023-09-04 15:00:00,188.6251768,183.57365
2023-09-12 16:00:00,11.49222065,69.64051
2023-11-02 07:00:00,0.896039604,0.59319776
2023-10-24 09:00:00,35.78217822,13.982691
2023-10-31 21:00:00,0.0,0.59319776
2023-04-13 12:00:00,222.8762376,168.61702
2023-10-29 08:00:00,22.243281470000003,2.5412524
2023-09-26 22:00:00,0.0,0.59319776
2023-12-29 02:00:00,0.0,0.59319776
2023-09-20 03:00:00,0.0,0.59319776
2023-03-03 21:00:00,0.0,0.59319776
2023-04-17 17:00:00,0.0,0.59319776
2023-11-15 05:00:00,0.0,0.59319776
2023-08-26 10:00:00,117.5579915,84.8147
2023-10-21 11:00:00,45.36280057,38.245075
2023-05-24 15:00:00,255.2171146,234.86885
2023-12-23 12:00:00,29.95544554,40.749104
2023-12-04 13:00:00,4.621640736,22.101828
2023-03-14 17:00:00,22.376237620000005,80.96008
2023-07-07 16:00:00,222.4349364,226.04279
2023-03-03 09:00:00,40.73267327,25.30443
2023-06-17 10:00:00,171.4738331,113.66254
2023-02-14 16:00:00,28.26520509,76.99875
2023-06-06 04:00:00,0.0,0.59319776
2023-03-27 16:00:00,99.86350778,125.8136
2023-06-30 02:00:00,0.0,0.59319776
2023-08-23 06:00:00,4.032531825,0.59319776
2023-05-07 03:00:00,0.0,0.59319776
2023-04-28 00:00:00,0.0,0.59319776
2023-06-09 01:00:00,0.0,0.59319776
2023-02-23 10:00:00,22.556577090000005,29.244219
2023-04-14 04:00:00,0.0,0.59319776
2023-07-28 23:00:00,0.0,0.59319776
2023-11-22 03:00:00,0.0,0.59319776
2023-06-17 20:00:00,20.15770863,49.20552
2023-04-03 20:00:00,0.0,2.1128092
2023-08-20 06:00:00,5.206506365,0.59319776
2023-03-15 16:00:00,21.06435644,53.281013
2023-10-25 21:00:00,0.0,0.59319776
2023-11-03 21:00:00,0.0,0.59319776
2023-02-17 07:00:00,0.961810467,0.59319776
2023-12-14 04:00:00,0.0,0.59319776
2023-04-21 03:00:00,0.0,0.59319776
2023-06-21 09:00:00,199.5975955,123.633064
2023-10-29 18:00:00,0.0,0.59319776
2023-06-11 02:00:00,0.0,0.59319776
2023-05-21 09:00:00,210.1760962,130.89682
2023-03-29 07:00:00,3.371287129,0.59319776
2023-04-13 01:00:00,0.0,0.59319776
2023-10-27 09:00:00,32.65134371,1.772332
2023-05-05 08:00:00,59.42927864,14.179176
2023-06-06 02:00:00,0.0,0.59319776
2023-03-07 03:00:00,0.0,0.59319776
2023-03-19 19:00:00,0.0,0.59319776
2023-04-18 20:00:00,0.0,0.59319776
2023-12-23 19:00:00,0.0,0.59319776
2023-10-30 16:00:00,11.62376238,46.437325
2023-03-24 06:00:00,6.275813295999999,0.59319776
2023-07-05 02:00:00,0.0,0.59319776
2023-12-31 10:00:00,26.072843,15.668796
2023-11-15 01:00:00,0.0,0.59319776
2023-05-12 00:00:00,0.0,0.59319776
2023-09-12 05:00:00,0.0,0.59319776
2023-10-30 20:00:00,0.0,0.59319776
2023-02-15 19:00:00,0.0,0.59319776
2023-09-04 19:00:00,4.567892504,44.295464
2023-09-14 03:00:00,0.0,0.59319776
2023-09-29 16:00:00,119.0353607,121.87147
2023-03-30 14:00:00,163.5707214,85.07782
2023-06-28 07:00:00,18.57637907,12.597774
2023-06-08 06:00:00,21.91796322,1.0502098
2023-06-08 14:00:00,243.0063649,213.8336
2023-04-25 09:00:00,105.9441301,67.465034
2023-11-25 15:00:00,12.52828854,55.37768
2023-05-05 13:00:00,210.6980198,137.35997
2023-10-08 22:00:00,0.0,0.59319776
2023-08-02 02:00:00,0.0,0.59319776
2023-11-09 23:00:00,0.0,0.59319776
2023-05-18 19:00:00,31.89674682,75.67021
2023-11-25 06:00:00,0.0,0.59319776
2023-09-17 18:00:00,14.53677511,24.958212
2023-07-04 03:00:00,0.0,0.59319776
2023-10-23 07:00:00,0.001414427,0.59319776
2023-08-01 19:00:00,7.708628006,43.931736
2023-04-02 16:00:00,130.2878359,124.995476
2023-07-11 18:00:00,44.09405941,45.68348
2023-10-26 13:00:00,108.6768034,126.6639
2023-05-06 22:00:00,0.0,0.59319776
2023-09-12 03:00:00,0.0,0.59319776
2023-06-23 08:00:00,88.18882603000002,68.77965
2023-03-21 00:00:00,0.0,0.59319776
2023-08-25 00:00:00,0.0,0.59319776
2023-12-03 22:00:00,0.0,0.59319776
2023-05-19 07:00:00,53.91371994,18.637835
2023-06-24 08:00:00,111.66053750000002,73.23842
2023-06-30 12:00:00,91.91301273,101.72152
2023-08-06 03:00:00,0.0,0.59319776
2023-10-13 14:00:00,49.74540311,95.78516
2023-02-22 20:00:00,0.0,0.59319776
2023-09-05 20:00:00,0.0,2.744193
2023-06-13 02:00:00,0.0,0.59319776
2023-06-14 02:00:00,0.0,0.59319776
2023-07-28 20:00:00,6.469589816,35.137913
2023-02-07 05:00:00,0.0,0.59319776
2023-09-04 16:00:00,147.1053748,162.6705
2023-10-09 20:00:00,0.0,0.59319776
2023-04-08 11:00:00,0.0,0.59319776
2023-08-28 20:00:00,0.0,0.59319776
2023-10-02 18:00:00,0.066478076,17.183569
2023-05-31 00:00:00,0.0,0.59319776
2023-11-09 17:00:00,0.0,0.59319776
2023-12-31 12:00:00,72.25742574,59.364098
2023-05-26 01:00:00,0.0,0.59319776
2023-12-20 17:00:00,0.0,0.59319776
2023-09-24 00:00:00,0.0,0.59319776
2023-12-24 01:00:00,0.0,0.59319776
2023-11-05 04:00:00,0.0,0.59319776
2023-08-06 11:00:00,209.8557284,133.63803
2023-03-15 07:00:00,21.27510608,0.59319776
2023-02-13 12:00:00,139.9540311,88.2357
2023-10-17 19:00:00,0.0,0.59319776
2023-05-02 08:00:00,21.854314,14.994352
2023-04-12 17:00:00,59.13083451,65.46049
2023-09-29 07:00:00,5.690240453,0.59319776
2023-03-09 06:00:00,0.0,0.59319776
2023-06-25 05:00:00,4.633663366,0.59319776
2023-09-29 19:00:00,0.0,12.440041
2023-02-13 13:00:00,119.135785,123.81316
2023-03-22 16:00:00,38.4165488,63.07162
2023-07-30 04:00:00,0.0,0.59319776
2023-09-11 18:00:00,15.54384724,48.904636
2023-08-20 04:00:00,0.0,0.59319776
2023-12-01 21:00:00,0.0,0.59319776
2023-08-29 01:00:00,0.0,0.59319776
2023-03-19 02:00:00,0.0,0.59319776
2023-04-08 08:00:00,0.0,0.59319776
2023-04-29 00:00:00,0.0,0.59319776
2023-05-28 05:00:00,4.920084866,0.59319776
2023-02-27 17:00:00,0.979490806,43.9209
2023-07-25 17:00:00,141.301273,148.95827
2023-06-20 03:00:00,0.0,0.59319776
2023-02-08 17:00:00,0.0,14.379743
2023-08-27 05:00:00,0.0,0.59319776
2023-03-03 04:00:00,0.0,0.59319776
2023-03-31 02:00:00,0.0,0.59319776
2023-03-05 07:00:00,1.224186704,0.59319776
2023-02-03 17:00:00,0.0,12.128285
2023-03-02 15:00:00,117.3854314,136.63104
2023-07-18 10:00:00,169.5848656,122.0386
2023-04-08 16:00:00,0.0,0.59319776
2023-06-13 08:00:00,154.2171146,84.84745
2023-03-20 23:00:00,0.0,0.59319776
2023-12-02 22:00:00,0.0,0.59319776
2023-12-09 20:00:00,0.0,0.59319776
2023-03-20 02:00:00,0.0,0.59319776
2023-02-08 07:00:00,0.043140028,0.59319776
2023-10-10 03:00:00,0.0,0.59319776
2023-06-24 18:00:00,118.2157001,157.73859
2023-03-17 18:00:00,0.0,13.231422
2023-02-22 21:00:00,0.0,0.59319776
2023-10-09 02:00:00,0.0,0.59319776
2023-04-24 11:00:00,73.10466761,60.695507
2023-07-20 19:00:00,42.42220651,68.11446
2023-09-27 03:00:00,0.0,0.59319776
2023-03-27 02:00:00,0.0,0.59319776
2023-06-16 23:00:00,0.0,0.59319776
2023-06-02 12:00:00,287.1103253,220.43845
2023-11-25 12:00:00,123.175389,111.10765
2023-07-19 22:00:00,0.0,0.59319776
2023-07-07 07:00:00,84.48090523,36.94117
2023-12-26 00:00:00,0.0,0.59319776
2023-08-11 12:00:00,228.76237620000003,158.7662
2023-03-31 14:00:00,46.15063649,58.256916
2023-10-22 17:00:00,16.62729844,50.326492
2023-09-04 10:00:00,175.374116,116.25582
2023-12-02 16:00:00,0.0,4.1381116
2023-11-08 12:00:00,48.55869873000001,45.37393
2023-09-13 20:00:00,0.0,0.59319776
2023-06-17 09:00:00,127.2397454,70.21009
2023-03-11 02:00:00,0.0,0.59319776
2023-11-18 15:00:00,3.309052334,20.619684
2023-11-03 13:00:00,80.06506364999998,61.248817
2023-05-18 07:00:00,76.30622348,27.09148
2023-04-19 11:00:00,0.0,0.59319776
2023-09-19 16:00:00,76.59052334,62.330345
2023-10-21 10:00:00,31.22277228,40.00421
2023-09-06 03:00:00,0.0,0.59319776
2023-08-13 16:00:00,18.06152758,73.58904
2023-10-10 11:00:00,51.62942008,43.98309
2023-07-07 17:00:00,173.5954738,189.66302
2023-05-13 06:00:00,4.665487977,0.59319776
2023-06-11 20:00:00,12.94059406,54.56836
2023-07-19 05:00:00,0.627298444,0.59319776
2023-11-11 16:00:00,1.138613861,22.237123
2023-02-25 21:00:00,0.0,0.59319776
2023-09-12 13:00:00,57.02192362,97.451904
2023-12-12 05:00:00,0.0,0.59319776
2023-08-19 20:00:00,0.357142857,17.422209
2023-04-10 07:00:00,0.0,0.59319776
2023-02-19 23:00:00,0.0,0.59319776
2023-03-28 09:00:00,12.85219236,14.474244
2023-08-21 14:00:00,245.5487977,145.97992
2023-09-13 19:00:00,1.4752475249999997,29.737478
2023-09-28 16:00:00,52.12305516000001,72.17022
2023-06-27 01:00:00,0.0,0.59319776
2023-06-28 19:00:00,21.000707209999998,43.962364
2023-12-27 16:00:00,0.0,0.59319776
2023-03-15 02:00:00,0.0,0.59319776
2023-09-27 02:00:00,0.0,0.59319776
2023-02-11 23:00:00,0.0,0.59319776
2023-02-22 23:00:00,0.0,0.59319776
2023-08-25 22:00:00,0.0,0.59319776
2023-11-07 15:00:00,46.505657709999994,52.306023
2023-06-06 10:00:00,58.613861390000004,50.597572
2023-09-26 05:00:00,0.0,0.59319776
2023-05-03 16:00:00,122.7694484,154.24702
2023-11-20 13:00:00,68.03889675,80.35594
2023-03-31 10:00:00,81.02050919,24.599417
2023-12-02 21:00:00,0.0,0.59319776
2023-10-14 16:00:00,65.71428571,121.34693
2023-09-07 00:00:00,0.0,0.59319776
2023-08-15 02:00:00,0.0,0.59319776
2023-05-31 20:00:00,14.4738331,60.939816
2023-11-27 10:00:00,43.07637907,45.968056
2023-04-05 09:00:00,42.80480905,24.682272
2023-04-09 03:00:00,0.0,0.59319776
2023-10-29 21:00:00,0.0,0.59319776
2023-10-28 13:00:00,70.11244696,102.21272
2023-07-15 23:00:00,0.0,0.59319776
2023-06-14 23:00:00,0.0,0.59319776
2023-04-05 22:00:00,0.0,0.59319776
2023-10-29 15:00:00,49.89745402999999,61.55337
2023-08-28 07:00:00,29.846534649999995,0.59319776
2023-12-21 00:00:00,0.0,0.59319776
2023-07-09 06:00:00,8.042432815,0.59319776
2023-03-01 06:00:00,0.0,0.59319776
2023-12-20 19:00:00,0.0,0.59319776
2023-08-21 19:00:00,18.62871287,68.63121
2023-06-05 13:00:00,267.7270156,169.94215
2023-07-27 22:00:00,0.0,0.59319776
2023-09-16 03:00:00,0.0,0.59319776
2023-05-30 03:00:00,0.0,0.59319776
2023-12-20 15:00:00,2.346534653,10.559962
2023-09-02 22:00:00,0.0,0.59319776
2023-06-23 07:00:00,71.00212164,37.033573
2023-03-06 18:00:00,0.0,9.091612
2023-04-21 00:00:00,0.0,0.59319776
2023-12-29 07:00:00,0.0,0.59319776
2023-02-22 22:00:00,0.0,0.59319776
2023-03-14 13:00:00,172.5417256,195.16689
2023-02-10 09:00:00,45.01697313,27.75063
2023-11-15 20:00:00,0.0,0.59319776
2023-09-16 13:00:00,37.73762376,46.13484
2023-02-12 09:00:00,26.292079209999997,13.795041
2023-11-05 13:00:00,120.3804809,109.519966
2023-07-13 21:00:00,0.203677511,17.109463
2023-09-26 11:00:00,197.1527581,138.56429
2023-09-27 06:00:00,0.0,0.59319776
2023-10-06 04:00:00,0.0,0.59319776
2023-02-04 05:00:00,0.0,0.59319776
2023-08-12 22:00:00,0.0,0.59319776
2023-10-10 19:00:00,0.0,0.59319776
2023-12-05 12:00:00,44.71428571,42.545135
2023-05-31 06:00:00,12.176096179999998,0.59319776
2023-04-15 09:00:00,0.0,0.59319776
2023-02-22 05:00:00,0.0,0.59319776
2023-05-22 21:00:00,0.0,13.767848
2023-10-24 11:00:00,154.8182461,66.35508
2023-10-07 19:00:00,0.0,1.7079307
2023-03-29 03:00:00,0.0,0.59319776
2023-06-20 19:00:00,47.00212164,94.07269
2023-02-14 11:00:00,133.9851485,76.58941
2023-04-10 22:00:00,0.0,0.59319776
2023-07-19 04:00:00,0.0,0.59319776
2023-10-11 17:00:00,6.790664781,48.09946
2023-09-28 10:00:00,59.57991513,43.020054
2023-02-28 10:00:00,44.82461103,52.236862
2023-05-23 04:00:00,0.0,0.59319776
2023-11-07 21:00:00,0.0,0.59319776
2023-05-15 20:00:00,5.60678925,44.241283
2023-12-08 12:00:00,76.1039604,67.97502
2023-04-03 02:00:00,0.0,0.59319776
2023-12-22 07:00:00,0.0,0.59319776
2023-04-07 10:00:00,174.8472419,116.28291
2023-04-27 17:00:00,23.90169731,29.12955
2023-05-14 00:00:00,0.0,0.59319776
2023-08-14 21:00:00,0.0,0.59319776
2023-11-06 09:00:00,75.20226308,50.766018
2023-12-12 07:00:00,0.0,0.59319776
2023-05-05 20:00:00,1.592644979,26.468853
2023-03-21 06:00:00,0.705799151,0.59319776
2023-03-29 08:00:00,6.793493635,1.7074038
2023-09-23 13:00:00,166.62659120000004,122.39148
2023-07-12 21:00:00,0.297736917,18.54129
2023-07-24 23:00:00,0.0,0.59319776
2023-12-14 00:00:00,0.0,0.59319776
2023-04-26 18:00:00,12.196605369999999,36.54449
2023-12-06 05:00:00,0.0,0.59319776
2023-10-26 00:00:00,0.0,0.59319776
2023-09-14 02:00:00,0.0,0.59319776
2023-04-05 00:00:00,0.0,0.59319776
2023-11-03 23:00:00,0.0,0.59319776
2023-02-03 13:00:00,27.46817539,46.9636
2023-10-03 05:00:00,0.0,0.59319776
2023-06-02 17:00:00,169.3698727,190.19827
2023-06-02 18:00:00,108.0983027,147.29773
2023-07-02 09:00:00,135.9865629,108.1694
2023-04-19 12:00:00,0.0,0.59319776
2023-04-30 14:00:00,45.77722772,57.586475
2023-02-17 11:00:00,55.13861386,56.27905
2023-07-25 05:00:00,1.272277228,0.59319776
2023-04-16 18:00:00,0.0,0.59319776
2023-10-31 20:00:00,0.0,0.59319776
2023-12-03 19:00:00,0.0,0.59319776
2023-10-17 17:00:00,6.375530409999999,28.802832
2023-12-23 20:00:00,0.0,0.59319776
2023-02-12 06:00:00,0.0,0.59319776
2023-10-02 21:00:00,0.0,0.59319776
2023-07-03 13:00:00,121.3797737,111.934814
2023-09-21 23:00:00,0.0,0.59319776
2023-11-02 16:00:00,0.054455446,12.367973
2023-09-30 18:00:00,0.923620934,22.899326
2023-12-12 16:00:00,0.0,0.6611699
2023-10-10 21:00:00,0.0,0.59319776
2023-03-19 22:00:00,0.0,0.59319776
2023-09-19 20:00:00,0.0,0.59319776
2023-09-02 14:00:00,157.1230552,148.7725
2023-04-13 10:00:00,111.1513437,120.30241
2023-10-26 19:00:00,0.0,0.59319776
2023-10-11 07:00:00,0.001414427,0.59319776
2023-09-04 02:00:00,0.0,0.59319776
2023-08-11 13:00:00,235.8677511,194.71463
2023-09-03 21:00:00,0.0,0.59319776
2023-05-18 10:00:00,202.8776521,138.69357
2023-09-27 01:00:00,0.0,0.59319776
2023-08-05 15:00:00,159.0572843,158.47768
2023-08-08 21:00:00,0.0,0.59319776
2023-07-17 21:00:00,0.128005658,17.526909
2023-10-15 09:00:00,87.05869873000002,36.51182
2023-12-09 00:00:00,0.0,0.59319776
2023-10-15 19:00:00,0.0,0.59319776
2023-07-21 22:00:00,0.0,0.59319776
2023-12-08 17:00:00,0.0,0.59319776
2023-11-14 22:00:00,0.0,0.59319776
2023-02-15 14:00:00,79.99575672,115.11586
2023-06-26 12:00:00,234.7687412,163.8285
2023-09-30 03:00:00,0.0,0.59319776
2023-10-26 12:00:00,143.5247525,120.72021
2023-05-29 20:00:00,12.22206506,50.71135
2023-11-09 20:00:00,0.0,0.59319776
2023-05-11 07:00:00,37.64214993,17.823336
2023-10-06 06:00:00,0.0,0.59319776
2023-05-20 13:00:00,274.9731259,246.62016
2023-12-26 03:00:00,0.0,0.59319776
2023-09-09 18:00:00,22.817538900000002,68.71217
2023-07-12 14:00:00,264.6944837,170.44751
2023-05-07 07:00:00,17.88967468,1.9924527
2023-10-10 05:00:00,0.0,0.59319776
2023-09-07 23:00:00,0.0,0.59319776
2023-03-30 02:00:00,0.0,0.59319776
2023-03-05 21:00:00,0.0,0.59319776
2023-09-17 05:00:00,0.0,0.59319776
2023-06-29 18:00:00,119.738331,156.92497
2023-07-20 21:00:00,0.0,11.108919
2023-10-13 19:00:00,0.0,0.59319776
2023-08-12 04:00:00,0.0,0.59319776
2023-04-28 07:00:00,23.118811879999996,1.1272792
2023-08-18 18:00:00,12.30975955,26.402273
2023-09-30 00:00:00,0.0,0.59319776
2023-11-29 11:00:00,61.32956153,53.038383
2023-11-28 12:00:00,40.36209335,44.309597
2023-07-06 12:00:00,52.37057992,33.170277
2023-11-12 18:00:00,0.0,0.59319776
2023-09-20 04:00:00,0.0,0.59319776
2023-11-27 20:00:00,0.0,0.59319776
